condition_name,runs,preset_name,duration_seconds_mean,duration_seconds_min,duration_seconds_max,duration_seconds_std,failure_rate_mean,failure_rate_min,failure_rate_max,failure_rate_std,faithfulness_mean,faithfulness_min,faithfulness_max,faithfulness_std,context_recall_mean,context_recall_min,context_recall_max,context_recall_std
tickets_cs1000_ov0,3,tickets_only,4699.101207,4397.566740,5002.642610,247.025266,0.002381,0.000000,0.007143,0.003367,0.762427,0.750863,0.781738,0.013744,0.927351,0.913463,0.946956,0.014259
tickets_cs1000_ov80,3,tickets_only,4611.860993,4605.465706,4616.192509,4.615946,0.000000,0.000000,0.000000,0.000000,0.777198,0.766050,0.786062,0.008328,0.922136,0.897075,0.941184,0.018503
tickets_cs600_ov0,3,tickets_only,17225.230767,16522.670119,18476.547186,887.039484,0.000000,0.000000,0.000000,0.000000,0.732872,0.706852,0.755941,0.020149,0.901555,0.847052,0.930350,0.038560
tickets_cs600_ov80,3,tickets_only,17353.657475,15680.938408,18891.334854,1314.112762,0.000000,0.000000,0.000000,0.000000,0.788817,0.776217,0.795431,0.008914,0.927811,0.896593,0.946573,0.022224
tickets_cs800_ov0,3,tickets_only,17139.664469,16617.505175,17773.188533,478.332235,0.004762,0.000000,0.007143,0.003367,0.710397,0.688638,0.727603,0.016230,0.899969,0.855015,0.951915,0.039867
tickets_cs800_ov80,3,tickets_only,17149.924951,16464.012582,18248.929554,785.054582,0.002381,0.000000,0.007143,0.003367,0.793166,0.761021,0.810063,0.022740,0.929283,0.921552,0.936450,0.006095
